,sender,receiver,amount,sent_date
0,stein,smoyer,49.03,1/24/18
1,holden4580,joshua.henry,34.64,2/6/18
2,rose.eaton,emily.lewis,62.67,2/15/18
3,lmoore,kallen,1.94,3/5/18
4,scott3928,lmoore,27.82,3/10/18
5,francis.hernandez,lmoore,91.46,3/14/18
6,leah6255,campbell4312,15.88,3/16/18
7,rodriguez5768,gregory.blackwell,30.57,3/17/18
8,david5498,greg5920,3.22,3/22/18
9,campbell4312,wright3590,90.14,3/25/18
10,robinson,hall,76.84,4/4/18
11,lmoore,glen9827,25.94,4/4/18
12,daniel.williams,lmoore,79.59,4/4/18
13,west,payne,89.45,4/5/18
14,palmer,chad.chen,36.27,4/7/18
15,mark,roger,52.41,4/9/18
16,hamilton4258,linda,11.13,4/9/18
17,kristina.miller,stephanie5596,35.94,4/9/18
18,payne,diana,89.7,4/10/18
19,kara,smoyer,1.24,4/10/18
20,david,sarah.evans,52.91,4/11/18
21,katrina.ingram,hamilton4258,32.82,4/11/18
22,greg5920,andrew6216,32.42,4/16/18
23,edwards8658,samuel1489,23.41,4/17/18
24,tgeorge,jones5796,4.08,4/19/18
25,paul6364,jennifer.hendrix,68.35,4/20/18
26,debbie4918,alan9443,23.89,4/20/18
27,samuel.conner,steven3847,74.76,4/21/18
28,elang,donna1922,26.07,4/23/18
29,taylor1468,colton,97.34,4/23/18
30,ruiz2577,stephanie4610,59.97,4/24/18
31,brian7426,john.hardy,15.92,4/24/18
32,matthew5486,gibson9198,22,4/24/18
33,john.hardy,kristina.miller,77.05,4/25/18
34,payne,griffin4992,85.21,4/26/18
35,campbell1062,payne,92.76,4/26/18
36,joseph2431,corey,23.93,4/28/18
37,mburke,stephanie5596,63.35,4/29/18
38,mark5306,william6714,71,4/30/18
39,austin,fuller3354,69.74,5/1/18
40,steven3847,smith9087,45.26,5/1/18
41,samuel1489,holden4580,54.92,5/1/18
42,lcruz,johnson3004,16.91,5/2/18
43,stein,sabrina.haas,32.81,5/3/18
44,spadilla,bpowers,47.2,5/3/18
45,gerald.bryant,scott3928,43.36,5/3/18
46,stephanie5596,shari,49.77,5/4/18
47,dennis,hoover4302,87.77,5/5/18
48,staylor,francis.hernandez,95.93,5/5/18
49,joseph2431,dale,81.16,5/6/18
50,grace7647,sandra2071,79.94,5/7/18
51,roger,william4588,43.69,5/7/18
52,samuel1489,edwards,62.8,5/8/18
53,lcruz,colton,23.71,5/9/18
54,brown,stephanie4610,97.68,5/10/18
55,sandra2565,rachel,94.08,5/10/18
56,campbell4312,alexander7808,73.12,5/11/18
57,mackenzie,jason,59.6,5/11/18
58,sarah.evans,cjimenez,48.14,5/12/18
59,porter,gail7896,75.16,5/14/18
60,joshua9690,william4588,97.33,5/14/18
61,thompson9387,karen.snow,72.41,5/15/18
62,edwards,samuel.conner,1.49,5/15/18
63,freeman,jennifer.walker,74.32,5/15/18
64,wright3590,jennifer.walker,90.12,5/16/18
65,danielle,holden4580,22.27,5/16/18
66,edwards8658,henry4707,20.85,5/17/18
67,joshua9690,edwards,97.83,5/18/18
68,ruiz2577,emily.anderson,41.3,5/18/18
69,brown,lisa8780,50.38,5/20/18
70,emily.lewis,kevin,5.49,5/21/18
71,massey2102,kara,20.26,5/21/18
72,edwards8658,karen.snow,12.28,5/22/18
73,gerald.bryant,chad.chen,5.45,5/23/18
74,freeman,ruiz2577,13.19,5/23/18
75,porter,helen5691,35.94,5/24/18
76,arosario,dennis4593,35.12,5/24/18
77,jeremy1104,staylor,43.26,5/25/18
78,tgeorge,roman7509,13.15,5/25/18
79,sabrina.haas,kimberly,45.41,5/25/18
80,grant1643,gail7896,11.75,5/26/18
81,megan.terry,gstevens,51.06,5/26/18
82,sstanton,john.hardy,90.29,5/27/18
83,fernandez,dustin.fowler,83.43,5/28/18
84,jackson4431,kenneth.chambers,96.32,5/28/18
85,watts,henry,76.29,5/28/18
86,paula7980,jcordova,42.98,5/28/18
87,freeman,roger,24.27,5/28/18
88,shelly,austin486,11.24,5/29/18
89,lucero5925,bowman,44.88,5/29/18
90,brandon.gilbert,dustin.fowler,46.85,5/29/18
91,lacey8987,wilson,39.38,5/30/18
92,danielle,burton6737,95.38,5/30/18
93,flores,edwards,10.62,5/30/18
94,rachel,emily.anderson,99.09,5/30/18
95,edwards8658,twebster,85.09,5/30/18
96,shelly,dean2365,23.24,5/30/18
97,lowe,sabrina.haas,61.91,5/30/18
98,lisa8780,jeremy1104,55.94,5/30/18
99,rsnow,nicholas.travis,95.08,5/31/18
100,joshua3747,lisa8780,3.53,5/31/18
101,hmiller,diana,69.88,6/1/18
102,tgeorge,bgreen,61.9,6/1/18
103,gerald.bryant,ariley,66.73,6/1/18
104,sabrina.haas,smith6248,53.8,6/1/18
105,william2231,bowman,86.1,6/2/18
106,brooke2027,sthompson,77.77,6/3/18
107,awhitney,joel8826,21.59,6/3/18
108,david,spence,64.64,6/4/18
109,chorne,epeters,55.88,6/4/18
110,henry4707,mark8466,74.7,6/5/18
111,epeters,smoyer,30.6,6/5/18
112,steven3847,lcruz,20.09,6/5/18
113,carl.fox,sfinley,65.99,6/5/18
114,jcoleman,joshua3747,91.3,6/6/18
115,kelly7722,steven,41.55,6/6/18
116,hoover4302,edward1527,61.04,6/7/18
117,cynthia5799,erin4486,13.92,6/8/18
118,staylor,chorne,80.26,6/9/18
119,west,karen.snow,80.83,6/10/18
120,sbennett,hayes2585,85.27,6/11/18
121,sthompson,andrew6216,66.96,6/11/18
122,blair4952,scott3928,63.66,6/12/18
123,elizabeth,adrian,0.73,6/12/18
124,andrew.wells,elaine,34.25,6/13/18
125,fernandez,crane203,5.06,6/13/18
126,jason7792,eric1415,95.28,6/14/18
127,edward1527,hart24,4.21,6/14/18
128,blankenship,sfinley,5.23,6/15/18
129,calvin.perez,robinson5269,98.5,6/15/18
130,jramsey,fuller3354,11.65,6/15/18
131,glen9827,twebster,43.88,6/15/18
132,eugene4448,mark1376,30.02,6/15/18
133,dawn.juarez,jennifer,68.04,6/17/18
134,flores,smith9087,24.17,6/17/18
135,tstewart,eugene4448,6.39,6/17/18
136,matthew5486,tgeorge,7.02,6/18/18
137,sandra.vaughn,ruiz2577,37.16,6/18/18
138,jeffrey,glen9827,70.03,6/18/18
139,cassandra,porter,45.7,6/18/18
140,grace7647,smith8419,93.82,6/18/18
141,tamara,scott3928,20.96,6/19/18
142,hoover4302,nancy,7.05,6/19/18
143,danielle,lucero5925,71.63,6/19/18
144,david,steven3847,39.86,6/21/18
145,amiller,epeters,26.43,6/21/18
146,thompson2327,tgeorge,53.74,6/21/18
147,blankenship,hayes2585,44.16,6/21/18
148,eugene4448,smith6248,0.15,6/22/18
149,clark8139,kristen1581,38.31,6/23/18
150,janet.williams,adrian.blair,89.55,6/23/18
151,smith8419,jgonzalez,19.86,6/23/18
152,grant1643,thompson9387,45.96,6/23/18
153,brown,mark1376,13.64,6/23/18
154,dawn,lee3744,83.22,6/23/18
155,nichols,kevin,20.48,6/24/18
156,luis.brooks,torres,58.76,6/24/18
157,gail7896,francis.hernandez,49.02,6/24/18
158,robinson,rodriguez,8.91,6/25/18
159,rose.eaton,sward,84.78,6/25/18
160,kristi7553,staylor,3.95,6/25/18
161,jennifer,samuel1489,97.38,6/25/18
162,nicholas.travis,john.smith,12.64,6/25/18
163,crane203,steven,80,6/25/18
164,mackenzie,paula7980,56,6/25/18
165,tiffany.bowen,manning8686,7.98,6/25/18
166,msolis,christine.brown,84.25,6/26/18
167,mark5306,sthompson,4.97,6/26/18
168,nancy,margaret265,84.15,6/26/18
169,christopher6861,jcoleman,30.47,6/27/18
170,david,michael,40.99,6/27/18
171,mcguire,lacey8987,54.09,6/28/18
172,hall,william.lee,84.16,6/28/18
173,flores,corey,53.12,6/29/18
174,janet.williams,william6714,65.54,6/29/18
175,bgreen,wright3590,0.99,6/29/18
176,rsnow,sandra.vaughn,82.94,6/30/18
177,erin4486,nancy,85.73,6/30/18
178,smith,melissa.mendoza,66.79,6/30/18
179,kara,nichols,36.41,6/30/18
180,lisa,tgeorge,31.95,6/30/18
181,caleb,timothy.heath,85.58,7/1/18
182,lisa8780,smith8419,88.68,7/1/18
183,gail7896,katrina.ingram,21.66,7/1/18
184,donna1922,sabrina.haas,21.29,7/1/18
185,daniel,christopher6861,11.69,7/2/18
186,gregory.rios,elizabeth,6.83,7/2/18
187,kristen1581,blair4952,32.58,7/2/18
188,adrian.blair,timothy.heath,83.73,7/2/18
189,dawn,sfinley,32,7/2/18
190,katherine,lee3744,60.06,7/2/18
191,mackenzie,tgeorge,74.3,7/3/18
192,shari,tstewart,97.64,7/3/18
193,cox192,robinson5269,40.53,7/3/18
194,sarah.evans,davis,81.9,7/3/18
195,andrew.wells,steven3847,24.73,7/3/18
196,smith8419,dedwards,14.26,7/3/18
197,rodriguez5768,barnes,96.62,7/4/18
198,acook,adam.saunders,9.31,7/4/18
199,valerie,roman7509,40.18,7/4/18
200,mjohnson,andrew6216,48.36,7/4/18
201,charles,gregory.rios,8.35,7/4/18
202,dustin.fowler,smith6248,44.73,7/4/18
203,hart24,bradley7808,90.45,7/5/18
204,edward1527,cjimenez,3.67,7/5/18
205,lawrence3513,william.lee,90.78,7/5/18
206,bpowers,margaret,10.34,7/5/18
207,peters1942,twhite,16.53,7/6/18
208,reid,barnes,48.95,7/6/18
209,steven3847,fuller3354,9.73,7/6/18
210,jgonzalez,mikayla.west,97.38,7/7/18
211,dennis4593,kathy,74.01,7/7/18
212,maria955,rose.eaton,57.32,7/8/18
213,cassandra,jackson4431,33.72,7/8/18
214,karen.snow,sstanton,52.52,7/8/18
215,megan.terry,bradley7808,80.1,7/8/18
216,mark,krystal,76.28,7/8/18
217,tjohnson,debra,71.13,7/8/18
218,grant1643,elaine,20.91,7/8/18
219,sandra2071,carl.fox,68.16,7/9/18
220,jordan5739,rodriguez9475,41.47,7/9/18
221,dean,lcruz,53.44,7/9/18
222,davis9792,caleb,3.22,7/9/18
223,lspencer,davis9225,23.96,7/9/18
224,spence,guzman4000,44.06,7/10/18
225,hart24,wking,14.5,7/10/18
226,jason,kirk,36.53,7/10/18
227,reid,jordan5739,4.92,7/10/18
228,diana,adrian,96.35,7/10/18
229,mark8466,tstewart,40.29,7/10/18
230,eugene4448,walsh,78.27,7/11/18
231,corey,nicholas.travis,73.25,7/11/18
232,sherry6113,matthew7940,58.72,7/11/18
233,flores,michael.olson,96.64,7/12/18
234,jlong,dustin.fowler,34.62,7/12/18
235,jcordova,clayton6074,18.39,7/12/18
236,erin,payne,33.42,7/12/18
237,lowe,guzman4000,60.53,7/12/18
238,staylor,ruiz2577,62.04,7/12/18
239,rodriguez5768,adrian.blair,87.07,7/12/18
240,kenneth.chambers,rebecca848,25.46,7/12/18
241,harris7556,alexander7808,7.17,7/12/18
242,shari,shelly,46.95,7/12/18
243,cjimenez,tanya.carlson,43.37,7/12/18
244,torres,rebecca848,45.65,7/12/18
245,mark5306,jackson4431,91.07,7/13/18
246,andrew6216,heather,81.06,7/13/18
247,colton,dustin.fowler,10.01,7/13/18
248,elaine,higgins,21.05,7/13/18
249,thompson9387,kathy,65.55,7/13/18
250,campbell1062,smith6248,51.43,7/13/18
251,sherry6113,hoover4302,10.45,7/14/18
252,luis.brooks,wright3590,98.86,7/14/18
253,bishop,anthony1788,64.84,7/14/18
254,linda,smith,23.4,7/15/18
255,tamara,mikayla.west,44.48,7/15/18
256,paula7980,chad.chen,78.61,7/15/18
257,mikayla.west,thompson9387,87.47,7/15/18
258,mjohnson,edwards8658,0.06,7/16/18
259,smith9087,patricia2613,93.85,7/16/18
260,courtney9644,paul9642,49.3,7/16/18
261,jesus9614,cassandra,54.7,7/16/18
262,mark5306,jramsey,42.96,7/16/18
263,johnston2281,edwards8658,47.29,7/16/18
264,sarah,joseph2431,40.19,7/16/18
265,taylor1468,taylor1468,99.38,7/17/18
266,daniel.williams,brian.barnes,23.08,7/17/18
267,torres,stevens8089,59.24,7/17/18
268,walsh,paul9642,69.37,7/17/18
269,dawn.juarez,gerald.bryant,51.91,7/17/18
270,debra,clark8139,79.91,7/17/18
271,bernard,tiffany.bowen,13.53,7/17/18
272,reid,jaime6887,14.86,7/18/18
273,parker4621,lee3744,55.22,7/18/18
274,corey,bowers9648,94.03,7/18/18
275,butler,flores,13.13,7/18/18
276,spadilla,emily.lewis,60.35,7/18/18
277,lawrence3513,sthompson,56.98,7/18/18
278,donald3362,dawn,63.35,7/18/18
279,king,lee,99.81,7/19/18
280,roman7509,dean2365,77.01,7/19/18
281,greg5920,watts,96.89,7/19/18
282,smith8419,jennifer,75.3,7/20/18
283,daniel1611,jose.moreno,98.86,7/21/18
284,peters1942,jackson4431,19.87,7/21/18
285,watts,stein,81.62,7/21/18
286,kimberly,campbell1062,45.62,7/21/18
287,paul9642,harmon,14.83,7/22/18
288,anthony1788,denise3770,88.8,7/22/18
289,moore,chad.chen,13.56,7/22/18
290,bowers9648,mikayla.west,85.76,7/22/18
291,jones5796,jones,95.88,7/22/18
292,edwards,alexander7808,4.17,7/23/18
293,clayton6074,heather,8.81,7/23/18
294,wbrown,anthony576,91.32,7/23/18
295,twebster,cox192,88.58,7/23/18
296,sthompson,smith,36.6,7/23/18
297,wilson,erin,98.1,7/23/18
298,erin,rodriguez,63.96,7/23/18
299,heather,danderson,96.83,7/24/18
300,melissa.mendoza,melvin9380,94.4,7/24/18
301,jensen7832,bradley,94.47,7/24/18
302,jones,tjohnson,38.59,7/24/18
303,epeters,stephanie4610,56.64,7/24/18
304,rose.eaton,lisa7840,79.02,7/24/18
305,staylor,elang,10.54,7/24/18
306,higgins,corey,59.26,7/25/18
307,guzman4000,gregory7148,12.76,7/25/18
308,taylor1468,bpowers,87.74,7/25/18
309,rose.eaton,gregory7148,95.99,7/25/18
310,jason7792,burton6737,93.89,7/25/18
311,paula7980,jramos,32.78,7/25/18
312,robinson5269,peters1942,73.26,7/25/18
313,rodriguez,joshua9690,69.34,7/25/18
314,parker4621,tstewart,96.76,7/25/18
315,rogers,scott3928,8.73,7/26/18
316,helen5691,parker4621,30.01,7/26/18
317,luis.brooks,parker4621,34.5,7/26/18
318,jordan5739,david.barnett,52.93,7/27/18
319,colton,michael.olson,59.79,7/27/18
320,fisher,jennifer.hebert,46.27,7/28/18
321,erin,jesus9614,44.76,7/28/18
322,alexander7808,thompson2327,22.87,7/28/18
323,harris7556,cross9059,91.78,7/28/18
324,singh2309,johnston2281,77.79,7/28/18
325,shelly,sward,76.51,7/28/18
326,rodriguez9475,adrian.blair,30.76,7/29/18
327,valerie,paige.lewis,39.52,7/29/18
328,lee,guzman4000,11.21,7/29/18
329,nicholas5556,erin4486,70.43,7/29/18
330,lcruz,austin,10.83,7/29/18
331,edward1527,jordan5739,40.54,7/29/18
332,david.barnett,evelyn,29.95,7/29/18
333,roberts,figueroa7283,37.4,7/29/18
334,andrew.wells,samuel.conner,80.07,7/30/18
335,isabella,nichols,72.86,7/30/18
336,lawson,johnson3004,49.46,7/30/18
337,mjohnson,anthony1788,8.08,7/30/18
338,king,melanie,53.42,7/31/18
339,katrina.ingram,brian.barnes,16.84,7/31/18
340,angela7209,rodriguez585,60.14,7/31/18
341,erin,tiffany.bowen,79.32,7/31/18
342,mcguire,marcus.berry,23.02,7/31/18
343,miller8552,rodriguez9475,25.89,7/31/18
344,kirk,sstanton,37.59,8/1/18
345,mburke,scott3928,3.03,8/1/18
346,crane203,adrian.blair,45.93,8/1/18
347,elang,jdiaz,84.35,8/1/18
348,brenda,tjohnson,69.14,8/1/18
349,holden4580,brandon.gilbert,43.92,8/2/18
350,corey,cynthia5799,43.92,8/2/18
351,harmon,william6714,74.56,8/2/18
352,mark,figueroa7283,45.93,8/2/18
353,austin486,cjones,9.52,8/2/18
354,gerald.bryant,greg5920,86.65,8/3/18
355,linda,melanie,27.73,8/3/18
356,thompson2327,jlong,60.15,8/3/18
357,kimberly.decker,cox192,0.6,8/3/18
358,matthew5486,jeremy1104,13.92,8/3/18
359,rodriguez5768,hunt3408,0.04,8/3/18
360,kristi7553,robinson,10.35,8/4/18
361,stephanie4610,campbell4312,16.96,8/4/18
362,freeman,tgeorge,41.79,8/4/18
363,sabrina.haas,joshua.henry,15.47,8/4/18
364,clark8139,mpaul,90.48,8/4/18
365,kristina.miller,rachel,92.74,8/4/18
366,jones,msolis,34.7,8/4/18
367,tanya.carlson,bradley7808,22.5,8/5/18
368,jcoleman,corey,84.21,8/5/18
369,hamilton4258,jason7792,56.06,8/5/18
370,krystal,clayton6074,74.99,8/5/18
371,decker1985,smith6248,61.48,8/5/18
372,ebryant,adrian.blair,66.47,8/5/18
373,christine2983,fuller3354,94.65,8/5/18
374,lisa,thompson2327,0.82,8/6/18
375,melanie,davis,78,8/6/18
376,moore,taylor1468,8.08,8/6/18
377,sandra2565,hayes2585,9.16,8/6/18
378,lawrence3513,tyler.zavala,16.65,8/6/18
379,gregory.blackwell,parker4621,49,8/6/18
380,moore7025,lawrence1685,35.15,8/7/18
381,bowers9648,mark8466,91.52,8/7/18
382,burton6737,rodriguez585,50.51,8/7/18
383,hamilton4258,lawrence3513,7.83,8/7/18
384,zachary.neal,alexander7808,33.79,8/7/18
385,eugene4448,lee3744,8.5,8/7/18
386,arosario,robert,67.69,8/7/18
387,cjones,jcastaneda,78.4,8/7/18
388,jones5796,dawn,9.78,8/8/18
389,paige.lewis,sfinley,38.29,8/8/18
390,jason7792,john.smith,2.14,8/8/18
391,fisher,dennis,62.02,8/8/18
392,sward,joshua3747,36.64,8/8/18
393,joshua9690,lawrence1685,99.96,8/9/18
394,rholmes,isabella,18.8,8/9/18
395,singh2309,rachel,99,8/9/18
396,amiller,fuentes,48.39,8/9/18
397,jennifer,jreeves,10.55,8/9/18
398,mark5306,charles,91.22,8/9/18
399,rsnow,wright3590,5.46,8/10/18
400,jlong,christine2983,31.72,8/10/18
401,john6967,daniel.livingston,25.24,8/10/18
402,christine.brown,angela7209,36.13,8/10/18
403,jordan5739,adrian,27.28,8/10/18
404,andrew.wells,austin486,88.47,8/10/18
405,brooke2027,arosario,67.88,8/10/18
406,campbell1062,jgonzalez,34.64,8/10/18
407,sandra.vaughn,brian7426,88.43,8/10/18
408,denise3770,eugene4448,87.89,8/11/18
409,kristina.miller,jennifer,59.58,8/11/18
410,lawrence3513,parsons,73.28,8/11/18
411,keith2323,jcoleman,61.68,8/11/18
412,charles,isabella,57.67,8/11/18
413,vang,anthony1788,44.83,8/11/18
414,rholmes,andrew.alvarez,42.45,8/11/18
415,jlong,jennifer.hebert,42.24,8/11/18
416,mikayla.west,miranda6426,65.7,8/11/18
417,michael7792,joshua.henry,31.87,8/12/18
418,sexton,melissa.mendoza,74.8,8/12/18
419,cassandra,michael.olson,26.97,8/12/18
420,jaime6887,joseph.lopez,8.6,8/12/18
421,denise3770,watts,54.21,8/12/18
422,rebecca848,johnson3004,97.49,8/13/18
423,nicholas5556,rachel,96.94,8/13/18
424,kara,tbender,21.38,8/13/18
425,lisa8780,wilkins,68.51,8/13/18
426,bishop,lspencer,0.87,8/13/18
427,brandon.gilbert,bgreen,38.87,8/14/18
428,cynthia5799,mbrown,74.2,8/14/18
429,laura,taylor2783,4.53,8/14/18
430,jerry,jennifer.wong,96.58,8/14/18
431,krystal,paul9642,85.4,8/14/18
432,anthony1788,lisa,97.44,8/15/18
433,brandon.gilbert,jennifer.wong,11.75,8/15/18
434,jacob,figueroa7283,28.53,8/15/18
435,massey2102,bishop,18.27,8/15/18
436,msolis,phillips5654,71.53,8/15/18
437,hmiller,tamara,65.22,8/15/18
438,danderson,jlong,94.96,8/15/18
439,amiller,lauren,1.05,8/16/18
440,keith,brett643,86.58,8/16/18
441,brandon,charles559,94.25,8/16/18
442,caleb,mark5306,95.36,8/17/18
443,spence,mark1376,60.28,8/17/18
444,parker4621,king,24.69,8/17/18
445,taylor7649,nicholas5556,82.15,8/18/18
446,rodriguez5768,kent,0.86,8/18/18
447,cjones,gerald.bryant,18.8,8/18/18
448,jbarker,daniel1611,74,8/18/18
449,nichols,klein,24.86,8/18/18
450,lawrence3513,lisa8780,11.21,8/19/18
451,sandra2071,vang,4.16,8/19/18
452,twhite,kpratt,89.57,8/19/18
453,mark8466,Apr-82,60.77,8/19/18
454,lisa7840,Apr-82,28.12,8/19/18
455,mays,payne,16.66,8/19/18
456,erin,david,33.66,8/19/18
457,linda,paige.lewis,50.25,8/20/18
458,sthompson,michael.williams,44.59,8/20/18
459,diana1995,rose.eaton,16.04,8/20/18
460,kpratt,johnston2281,81.8,8/20/18
461,nichols,coleman,91.9,8/20/18
462,fuentes,bgreen,90.92,8/20/18
463,sarah,cassandra,63.81,8/20/18
464,william2231,kristi7553,47.14,8/20/18
465,amiller,porter,83.69,8/20/18
466,tammy.brown,zachary.neal,73.72,8/20/18
467,stephanie5596,bernard,58.36,8/21/18
468,young,jlong,84.54,8/21/18
469,sfinley,kent,6.08,8/21/18
470,jacob,diane4652,64.13,8/21/18
471,wilson,courtney9644,49.09,8/21/18
472,higgins,bernard,58.61,8/21/18
473,paul9642,guzman4000,80.7,8/21/18
474,danielle,andersen,26.34,8/21/18
475,tara.clark,stein,46.18,8/21/18
476,mark20,timothy.heath,42.83,8/21/18
477,paige.lewis,mikayla.west,84.12,8/21/18
478,rogers,miranda6426,65.22,8/22/18
479,nicholas.padilla,erin,32.34,8/22/18
480,christine.brown,miranda6426,83.15,8/22/18
481,coleman,gail2190,86.91,8/22/18
482,william6714,jerry,38.79,8/22/18
483,dean,bryant,87.26,8/22/18
484,janet.williams,king3246,28.84,8/22/18
485,king3246,lisa,46.75,8/23/18
486,jacob,charles559,78.43,8/23/18
487,tamara,andrew6347,27.93,8/23/18
488,lawrence3513,jserrano,25.94,8/23/18
489,jacob,bgreen,63.77,8/23/18
490,stanley7729,david,10.54,8/23/18
491,bernard,michael7792,47.31,8/23/18
492,brandon.gilbert,jcordova,53.11,8/24/18
493,hart24,stephanie4610,89.54,8/24/18
494,ebryant,nelson,9.69,8/24/18
495,ebryant,johnson3004,43.92,8/24/18
496,wbrown,kimberly,9.02,8/24/18
497,elizabeth,jennifer.hebert,83.06,8/24/18
498,anthony576,dawn,65.62,8/24/18
499,adam.saunders,king3246,57.25,8/24/18
500,rebecca848,edward1527,37.06,8/24/18
501,greg5920,diane4652,18.6,8/24/18
502,robinson5269,joseph.lopez,24.7,8/24/18
503,andrew6347,amiller,5.09,8/25/18
504,gregory7148,sward,20.81,8/25/18
505,singh2309,henry,12.13,8/25/18
506,samuel.conner,shari,9.76,8/25/18
507,dennis4593,rebecca848,41.9,8/25/18
508,eharding,gregory.rios,70.83,8/25/18
509,gregory.rios,hamilton,57.64,8/25/18
510,robert284,laura,91.11,8/25/18
511,danielle,mackenzie,64.56,8/25/18
512,kent,taylor7649,8.85,8/25/18
513,wilson,jaime6887,10.97,8/25/18
514,denise3770,decker1985,83.5,8/26/18
515,bishop,nancy,98.08,8/26/18
516,michael7792,kim1649,64.17,8/26/18
517,sfinley,austin,16.17,8/26/18
518,donald1420,adam.saunders,91.84,8/26/18
519,sherry6113,dennis,55.32,8/26/18
520,johnston2281,brett643,69.15,8/26/18
521,kelly7722,michael.williams,8.59,8/26/18
522,heather,miguel.gamble,65.92,8/27/18
523,mikayla.west,andersen,97.18,8/27/18
524,davis9225,rsnow,10.22,8/27/18
525,walters2042,coleman,86.08,8/27/18
526,kelly7722,bsmith,86.67,8/27/18
527,kpratt,angela7209,99.05,8/27/18
528,shelly,jose.moreno,61.42,8/27/18
529,margaret265,lmoore,99.74,8/27/18
530,patricia2613,smith,47.48,8/27/18
531,mark8466,gail2190,30.02,8/27/18
532,david.barnett,wesley.hayes,30.53,8/27/18
533,tammy.brown,sherry6113,96.86,8/27/18
534,william2231,gail2190,7.5,8/28/18
535,payne,greg5920,18.66,8/28/18
536,lisa7840,melissa.mendoza,77.02,8/28/18
537,daniel,lauren,38.16,8/28/18
538,roberts,heather,49.83,8/28/18
539,staylor,ekidd,96.97,8/28/18
540,spadilla,sandra.vaughn,4.34,8/29/18
541,margaret265,paige.lewis,74.74,8/29/18
542,helen5691,bishop,42.83,8/29/18
543,amiller,william4588,0.63,8/29/18
544,matthew5486,john.smith,68.68,8/29/18
545,sarah,lspencer,44.89,8/29/18
546,reid,michael7792,54.05,8/29/18
547,miranda6426,michelle4225,95.22,8/29/18
548,bowers9648,denise3770,44.18,8/29/18
549,martin,john.hardy,74.81,8/30/18
550,hamilton,sstanton,18.93,8/30/18
551,hayes2585,dean2365,57.13,8/30/18
552,jacob,manning8686,48.03,8/30/18
553,taylor1468,zachary.neal,55.02,8/30/18
554,tbender,butler,57.02,8/30/18
555,mark20,christopher5982,54.27,8/30/18
556,bernard,lewis8579,38.97,8/30/18
557,matthew7940,dean2365,70.98,8/30/18
558,spence,bradley3953,22.99,8/31/18
559,jordan5739,tjohnson,51.56,8/31/18
560,ehernandez,erin4486,6.08,8/31/18
561,aaron,stephanie5596,17.2,8/31/18
562,nicholas.travis,jeremy1104,41.95,8/31/18
563,mjohnson,steven3847,76.37,8/31/18
564,brett643,parsons,5.38,8/31/18
565,jose.moreno,donald1420,28.19,8/31/18
566,robinson5269,edwards8658,55.1,8/31/18
567,bsmith,bgreen,61.86,8/31/18
568,michael7792,mburke,92.13,8/31/18
569,jennifer.wong,theresa5909,55.95,8/31/18
570,erin,burton6737,69.77,8/31/18
571,bradley,aaron,98.52,8/31/18
572,donald3362,tmaxwell,87.04,8/31/18
573,kyle.gentry,lewis8579,71.37,8/31/18
574,bpowers,miranda6426,1.91,8/31/18
575,timothy.heath,gregory9829,51.54,9/1/18
576,donald1420,caleb,13.66,9/1/18
577,eharding,kent,12.95,9/1/18
578,tina3658,kirk,47.2,9/1/18
579,wesley.hayes,christopher,90.91,9/1/18
580,lawson,owens,71.88,9/2/18
581,madison,jennifer.wong,49.36,9/2/18
582,peters1942,krystal,19.82,9/2/18
583,william4588,joshua3747,99.11,9/2/18
584,hunt3408,anthony3761,0.67,9/2/18
585,nichols,dedwards,86.99,9/2/18
586,dean2365,paul9642,15.52,9/2/18
587,adam.saunders,marcus.berry,17.46,9/2/18
588,danderson,donna1922,79.22,9/2/18
589,mjohnson,arosario,67.89,9/2/18
590,isabella,christina.banks,24.41,9/2/18
591,nicholas.padilla,gregory9829,88.63,9/2/18
592,lmoore,william4588,64.46,9/2/18
593,bradley3953,cjones,74.49,9/2/18
594,staylor,roman7509,57.68,9/2/18
595,bpowers,melanie,29.61,9/2/18
596,donald1420,steven,55.93,9/3/18
597,cox192,sandra2071,86.67,9/3/18
598,jackson4431,sarah,49.11,9/3/18
599,roger,moore,55.58,9/3/18
600,katherine,daniel.livingston,58.45,9/3/18
601,danderson,harmon,94.3,9/3/18
602,kimberly,nichols,1.27,9/3/18
603,mark,watts,64.95,9/3/18
604,scott3928,sexton,55.38,9/4/18
605,kristina.miller,lawrence1685,65.74,9/4/18
606,lucero5925,lspencer,88.06,9/4/18
607,jonathan5101,tara.clark,36.18,9/4/18
608,timothy3285,edwards,45.96,9/4/18
609,graham,gerald.bryant,43.07,9/5/18
610,donald1420,king,45.46,9/5/18
611,austin,epeters,84.3,9/5/18
612,diane4652,zachary.neal,53.19,9/5/18
613,sexton,robinson5269,54.47,9/5/18
614,sexton,parker4621,54.1,9/5/18
615,king,sarah.evans,38.35,9/5/18
616,elang,twebster,2.64,9/5/18
617,jason4651,krystal,76.81,9/5/18
618,kpratt,brooke2027,51.34,9/5/18
619,theresa5909,sarah,29.15,9/5/18
620,megan.terry,michael.williams,28.17,9/6/18
621,lowe,msolis,92.45,9/6/18
622,king,jason7792,46.37,9/6/18
623,hall,lindsay.coleman,42.54,9/6/18
624,wesley.hayes,david5498,87.57,9/6/18
625,michael7792,tmaxwell,25.02,9/6/18
626,anthony1788,aaron,8.1,9/6/18
627,michael7792,sandra.vaughn,32.72,9/6/18
628,medina891,maria955,53.65,9/6/18
629,melissa.mendoza,marcus.berry,71.48,9/6/18
630,diane4652,daniel.williams,81.92,9/6/18
631,timothy3285,gibson9198,43.36,9/6/18
632,brandon.gilbert,martha6969,87.19,9/6/18
633,rogers,bradley,84.25,9/6/18
634,lucero5925,tina3658,57,9/7/18
635,lisa7840,mark1376,46.93,9/7/18
636,porter,jramos,81.19,9/7/18
637,jessica3924,lawrence1685,46.69,9/7/18
638,jackson4431,johnston2281,65.99,9/7/18
639,martin,lawrence1685,25.4,9/7/18
640,dawn.juarez,martha6969,54.91,9/7/18
641,gary.mitchell,carl.fox,90.82,9/8/18
642,tanya.carlson,hamilton4258,43.88,9/8/18
643,donald1420,smith9087,15.39,9/8/18
644,gail2190,anthony576,88.08,9/8/18
645,john.hardy,paula7980,78.11,9/8/18
646,fox,scott3928,58.7,9/8/18
647,ehernandez,thompson2327,18.63,9/9/18
648,parsons,bryant,53.3,9/9/18
649,mcarroll,jennifer.hebert,82.67,9/9/18
650,manning8686,vang,29.97,9/9/18
651,martha.willis,christopher6861,78.48,9/9/18
652,kimberly.decker,peter,10.91,9/9/18
653,donald1420,matthew7940,47.61,9/9/18
654,paul9642,martha.willis,47.27,9/9/18
655,gregory.rios,jessica3924,75.42,9/9/18
656,johnson3004,daniel1611,98.33,9/9/18
657,diana,smith6903,77.45,9/9/18
658,nicholas.travis,smith6903,93.88,9/9/18
659,jason7792,miguel.gamble,92.44,9/9/18
660,smith,west,72.4,9/9/18
661,bradley,rsnow,4.71,9/9/18
662,karen.snow,jholloway,0.06,9/9/18
663,keith,jennifer4743,46.82,9/9/18
664,taylor7649,mshort,1.95,9/10/18
665,evelyn,staylor,39.07,9/10/18
666,gail7896,heather,68.58,9/10/18
667,dean2365,diane4652,6.82,9/10/18
668,burton6737,jonathan5101,97.39,9/10/18
669,mburke,tmaxwell,10.16,9/10/18
670,young,jackson4431,60.57,9/10/18
671,parsons,kristen1581,32.41,9/10/18
672,jackson4431,valerie,16.71,9/10/18
673,conley,campbell4312,73.09,9/10/18
674,jennifer,michael7792,90.56,9/10/18
675,twhite,hoover4302,49.42,9/10/18
676,martin,lee3744,43.38,9/10/18
677,rholmes,figueroa7283,90.75,9/10/18
678,mackenzie,jbarker,13.17,9/10/18
679,west,heather,47.63,9/10/18
680,bryant,katrina.ingram,9.1,9/10/18
681,edwards,lisa,99.37,9/11/18
682,mpaul,rebecca848,1.34,9/11/18
683,jessica3924,gail7896,28.55,9/11/18
684,stephanie4610,daniel.livingston,66.25,9/11/18
685,adrian.blair,alvarado,14.73,9/11/18
686,miranda6426,kallen,64.69,9/11/18
687,lindsay.coleman,harris7556,88.67,9/11/18
688,edwards8658,smith6903,55.08,9/11/18
689,bradley,king,64.36,9/11/18
690,stevens8089,wilkins,83.64,9/11/18
691,lgregory,tmaxwell,74.43,9/12/18
692,kyle.gentry,cynthia5799,42.83,9/12/18
693,tbender,evelyn,50.38,9/12/18
694,tina3658,butler,18.74,9/12/18
695,king,paul6364,45.94,9/12/18
696,rebecca848,davis9225,47.55,9/12/18
697,tina3658,ruth,95.6,9/12/18
698,emily.anderson,michael.williams,90.26,9/12/18
699,rodriguez9475,timothy3285,45.48,9/12/18
700,jennifer4743,andrew6347,34.57,9/12/18
701,sandra2565,maria955,16.88,9/12/18
702,sheri.clements,rachel,88.72,9/12/18
703,scott3928,martin,16.47,9/12/18
704,jose.moreno,smith6903,3.23,9/12/18
705,jason4651,tammy7432,20.3,9/12/18
706,brooke2027,gstevens,92.25,9/12/18
707,johnson,bowman,57.14,9/12/18
708,denise3770,figueroa7283,43.65,9/12/18
709,griffin4992,jstewart,41.52,9/12/18
710,michael7792,david,98.72,9/12/18
711,boyer7005,brian.barnes,51.64,9/12/18
712,ruiz2577,kelly7722,89.46,9/12/18
713,fuller3354,isabella,89.13,9/13/18
714,aaron,christine.brown,82.1,9/13/18
715,jlong,william2231,26.03,9/13/18
716,king,fuller3354,55.54,9/13/18
717,mikayla.west,lmoore,95.19,9/13/18
718,mikayla.west,andrew6347,44.54,9/13/18
719,sophia.perez,nancy,88.97,9/13/18
720,lauren,hall,0.64,9/13/18
721,jennifer.wong,lcruz,3.63,9/13/18
722,rose.eaton,hamilton,24.22,9/13/18
723,peter,wking,59.57,9/13/18
724,robinson,taylor2783,76.33,9/13/18
725,lacey8987,miguel.gamble,71.99,9/13/18
726,kent,william,37.22,9/13/18
727,jessica3924,daniel,51.09,9/14/18
728,mjohnson,mcarroll,49.05,9/14/18
729,kyle.gentry,spadilla,43.78,9/14/18
730,austin486,brian7426,72.28,9/14/18
731,jones5796,jlong,46.74,9/14/18
732,martinez,gstevens,3.21,9/14/18
733,james,jennifer.hendrix,3.17,9/14/18
734,sophia.perez,maria955,88.21,9/14/18
735,miranda6426,mcarroll,31.95,9/14/18
736,shelly,hdeleon,81.94,9/14/18
737,holden4580,ortiz5962,55.95,9/14/18
738,sthompson,martha.willis,28.78,9/14/18
739,bpowers,hdeleon,32.47,9/14/18
740,steven3847,sfinley,9.22,9/14/18
741,ekidd,sfinley,9.72,9/14/18
742,butler,scott3928,79.28,9/14/18
743,brandon,evelyn,76.21,9/14/18
744,tbender,sanders,33.14,9/15/18
745,awilliams,jcastaneda,80.62,9/15/18
746,zachary.neal,ortiz5962,89.42,9/15/18
747,ortiz5962,kelly7722,44.79,9/15/18
748,andrew6347,edwards8658,68.42,9/15/18
749,ariley,mshort,47.8,9/15/18
750,peter,edwards,24.6,9/15/18
751,theresa5909,adrian.blair,83.59,9/15/18
752,collin,wilson,5.01,9/15/18
753,roman7509,fuentes,17.95,9/15/18
754,bowman,danderson,88.54,9/15/18
755,joel8826,donald1420,43.68,9/15/18
756,gail7896,lucero5925,49.02,9/15/18
757,erin,david,58.51,9/15/18
758,kirk,miranda6426,18.64,9/15/18
759,jcastaneda,martha6969,18.66,9/15/18
760,taylor2783,carl.fox,66.41,9/15/18
761,david2796,joshua9690,60.54,9/16/18
762,angela7209,corey,35.39,9/16/18
763,daniel.williams,aaron,35.2,9/16/18
764,grant1643,rachel,96.77,9/16/18
765,moore,clark8139,14.54,9/16/18
766,kathy,hdeleon,3.05,9/16/18
767,dana.andrews,tammy.brown,31.34,9/16/18
768,carl.fox,diana1995,95.9,9/16/18
769,dedwards,scott3928,60.91,9/16/18
770,miguel.gamble,phillips5654,11.35,9/16/18
771,debra,sexton,16.01,9/16/18
772,hdeleon,christopher,56.35,9/16/18
773,michael7792,jennifer4743,69.97,9/16/18
774,harold,ehaney,11.03,9/16/18
775,Apr-82,scott3928,81.46,9/16/18
776,ortiz5962,robert284,34.37,9/16/18
777,jstewart,jesus9614,92.14,9/16/18
778,owens,mark20,55.79,9/16/18
779,rachel.ellison,robert,57.56,9/16/18
780,awilliams,gstevens,52.05,9/16/18
781,tina3658,mcarroll,10.11,9/17/18
782,jholloway,jessica3924,68.55,9/17/18
783,cynthia5799,mays,92.2,9/17/18
784,graham,jessica,46.55,9/17/18
785,stein,dana.andrews,87.41,9/17/18
786,paul9642,jholloway,6.12,9/17/18
787,king3246,donald1420,23.83,9/17/18
788,andrew.alvarez,kevin,74.01,9/17/18
789,miranda6426,blair4952,77.8,9/17/18
790,james,dale,25.34,9/17/18
791,jramsey,sarah,12.59,9/17/18
792,evelyn,linda,47.49,9/17/18
793,jason4651,leah6255,79.78,9/17/18
794,miguel.gamble,calvin.perez,9.59,9/17/18
795,darlene.adams,lcruz,82.25,9/17/18
796,rachel,brooke2027,71.71,9/17/18
797,hdeleon,johnston2281,48.26,9/17/18
798,owens,medina891,28.86,9/17/18
799,chorne,young,49.66,9/17/18
800,fuentes,robinson5269,80.39,9/17/18
801,christina.banks,fuentes,14.23,9/17/18
802,dean2365,alvarado,45.58,9/17/18
803,samuel.conner,aaron,96.88,9/17/18
804,nicholas.travis,west,73.41,9/17/18
805,jacob.davis,jennifer,85.13,9/18/18
806,twhite,hdeleon,17.05,9/18/18
807,shernandez,hdeleon,4.23,9/18/18
808,carl.fox,johnson,67.13,9/18/18
809,edwards,peters1942,89.63,9/18/18
810,stephanie5596,eugene4448,45.04,9/18/18
811,ortiz5962,johnston2281,19.46,9/18/18
812,peter,sandra2071,30.53,9/18/18
813,harold,brown6798,24.41,9/18/18
814,nichols,shernandez,4.46,9/18/18
815,edward1527,kyle.gentry,23.97,9/18/18
816,lawson,sbennett,28.44,9/18/18
817,andrew.alvarez,james,28.16,9/18/18
818,patricia2613,jserrano,58.83,9/18/18
819,fisher,ross9165,25.05,9/18/18
820,cox192,fox,91.08,9/18/18
821,ekidd,kelly7722,50.66,9/18/18
822,sandra.vaughn,theresa5909,68.59,9/18/18
823,ekidd,rodriguez5768,16.87,9/18/18
824,smith6903,jerry,68.89,9/18/18
825,clark8139,blankenship,74.85,9/18/18
826,tyler.zavala,hmiller,97.39,9/18/18
827,roman7509,young,33.91,9/18/18
828,jramos,jerry,23.84,9/18/18
829,dana.andrews,jdiaz,32.23,9/18/18
830,jennifer4743,miller,2.32,9/18/18
831,samuel.conner,tina3658,8.53,9/18/18
832,jones5796,alvarez,36.45,9/19/18
833,aaron,dawn,91.08,9/19/18
834,gibson9198,bowman,46.28,9/19/18
835,nancy,peters1942,66.24,9/19/18
836,ross9165,edwards,81.98,9/19/18
837,harris7556,john.hardy,85.33,9/19/18
838,sheri.clements,campbell4312,23.02,9/19/18
839,collins,david.barnett,49.52,9/19/18
840,alvarez,jeremy1104,23.84,9/19/18
841,collin,tamara,97.85,9/19/18
842,jennifer.hebert,mays,68.84,9/19/18
843,victor,william2231,77.44,9/20/18
844,gregory7148,jennifer.wong,49.65,9/20/18
845,timothy.heath,sarah.evans,35.51,9/20/18
846,sexton,alvarez,84.24,9/20/18
847,alvarez,patricia2613,73.51,9/20/18
848,sophia.perez,keith2323,69.06,9/20/18
849,emily.anderson,jramos,14.57,9/20/18
850,johnson,jennifer.hebert,72.18,9/20/18
851,diane4652,andrade,77.85,9/20/18
852,denise3770,flores,25.7,9/20/18
853,rodriguez9475,alvarez,29.19,9/20/18
854,james,rholmes,64.71,9/20/18
855,martha6969,jennifer.hebert,33.94,9/20/18
856,parker,gregory.rios,8.11,9/20/18
857,reid,alvarez,41.85,9/20/18
858,smercer,tammy.brown,68.06,9/20/18
859,gregory7148,lindsay.coleman,96.52,9/20/18
860,tyler.zavala,mpaul,14.38,9/20/18
861,taylor7649,smith8419,85.97,9/20/18
862,theresa5909,adrian.blair,59.51,9/20/18
863,lawrence1685,zachary.neal,4.08,9/20/18
864,conley,jonathan5101,14.07,9/21/18
865,fuentes,payne,76.73,9/21/18
866,mark8466,miranda6426,53.91,9/21/18
867,gail2190,aaron,47.91,9/21/18
868,coleman,amanda,83.6,9/21/18
869,kelly5683,sfinley,23.31,9/21/18
870,andrade,sthompson,14.07,9/21/18
871,sstanton,corey.ingram,77.12,9/21/18
872,ekidd,spence,41.38,9/21/18
873,martha.willis,alexander7808,57.78,9/21/18
874,darlene.adams,collin,15.59,9/21/18
875,gregory9829,acook,94.65,9/21/18
876,nelson,sanders,8.46,9/21/18
877,Apr-82,jacob.davis,50.37,9/21/18
878,roberts,alvarez,58.03,9/21/18
879,fernandez,nathaniel,99.4,9/21/18
880,rebecca848,parker,59.28,9/21/18
881,fox,mark1605,92.13,9/21/18
882,andersen,singh2309,7.37,9/21/18
883,aaron,cox192,89.11,9/21/18
884,melvin9380,rebecca,75.35,9/21/18
885,tammy7432,jessica3924,9.41,9/21/18
886,miller,clayton6074,63.22,9/21/18
887,katherine,brown6798,17.91,9/21/18
888,lmoore,lgregory,34.4,9/21/18
889,victor,anthony1788,39.06,9/21/18
890,sophia.perez,sbennett,99.05,9/21/18
891,darlene.adams,shelly,88.78,9/21/18
892,hdeleon,staylor,44.57,9/21/18
893,smercer,heather,98.13,9/22/18
894,jbarker,roberts,29.79,9/22/18
895,smercer,jcoleman,17.4,9/22/18
896,miller,sfinley,47.55,9/22/18
897,smercer,sandra2565,69.15,9/22/18
898,bowers9648,jessica3924,9.57,9/22/18
899,amanda,jcordova,48.67,9/22/18
900,andersen,corey.ingram,4.81,9/22/18
901,sanders,rodriguez585,51.25,9/22/18
902,amanda,rodriguez585,22.16,9/22/18
903,lauren,king,93.48,9/22/18
904,william2231,michael.olson,59.97,9/22/18
905,wking,hdeleon,85.86,9/22/18
906,amanda,gregory9829,58.92,9/22/18
907,vang,brown6798,48.45,9/22/18
908,aaron,patricia2613,97.32,9/22/18
909,kelly5683,tina3658,69.05,9/22/18
910,joseph.lopez,peter,23.23,9/22/18
911,sanders,paige.lewis,96.56,9/22/18
912,jason4651,davis,57.63,9/23/18
913,paul9642,hdeleon,53.49,9/23/18
914,paul6364,thomas.price,37.37,9/23/18
915,shernandez,david5498,68.51,9/23/18
916,roberts,parker,19.2,9/23/18
917,charles559,miranda6426,79.48,9/23/18
918,alvarez,fuller3354,32.29,9/23/18
919,kyle.gentry,joseph2431,6,9/23/18
920,thompson2826,brian7426,63.05,9/23/18
921,sarah,brown6798,24.03,9/23/18
922,jason,corey.ingram,37.21,9/23/18
923,fernandez,christopher,52.18,9/23/18
924,joseph.lopez,kara,64.12,9/23/18
925,thompson2826,jackson4431,87.85,9/23/18
926,angela7209,guzman4000,52.81,9/23/18
927,janet.williams,bsmith,50.15,9/23/18
928,miller,jramos,20.95,9/24/18
929,heather,kelly5683,35.71,9/24/18
930,bradley3953,hamilton4258,86.62,9/24/18
931,aaron,steven3847,65.81,9/24/18
932,clayton6074,mpaul,14.41,9/24/18
933,david.barnett,wilkins,94.59,9/24/18
934,robert8280,roger,98.35,9/24/18
935,samuel1489,martha.willis,43.41,9/24/18
936,elizabeth,sanders,18.97,9/24/18
937,jstewart,danderson,95.78,9/24/18
938,emily,watts,81.58,9/24/18
939,valerie,ortiz5962,98.6,9/24/18
940,melanie,thomas.price,33.16,9/24/18
941,rogers,mcarroll,63.37,9/24/18
942,john.smith,victor,54.37,9/24/18
943,thomas.price,timothy.heath,57.53,9/24/18
944,jacob.davis,parker4621,71.86,9/24/18
945,bsmith,john,18.16,9/24/18
946,Apr-82,martin,46.55,9/24/18
947,thompson9387,daniel1611,13,9/24/18
948,nathaniel,jennifer.walker,15.75,9/24/18
949,sbennett,robert8280,99.46,9/24/18
950,fuentes,jcoleman,40.48,9/24/18
951,sbennett,john,8.38,9/24/18
952,mevans,brett643,65.22,9/24/18
953,david,kyle.gentry,55.52,9/24/18
954,jerome.sims,gregory.blackwell,35.49,9/24/18
955,gregory.blackwell,parker,0.53,9/24/18
956,heather.wade,mburke,29.14,9/25/18
957,lisa8780,pamela,89.15,9/25/18
958,robert8280,anthony1788,29.44,9/25/18
959,alexander7808,aaron,79.54,9/25/18
960,bradley7808,heather.wade,61.45,9/25/18
961,dustin.fowler,patricia,19.79,9/25/18
962,patricia2613,martha.willis,33.88,9/25/18
963,stanley7729,joseph.lopez,50.84,9/25/18
964,medina891,smercer,86.31,9/25/18
965,andrew6347,mcclain9882,9.33,9/25/18
966,heather.wade,freeman,73.37,9/25/18
967,eharding,joel8826,93.99,9/25/18
968,john,thomas.price,9.07,9/25/18
969,mcclain9882,kelly7722,26.57,9/25/18
970,vang,john,68.11,9/25/18
971,victor,tbender,83.83,9/25/18
972,jramsey,brown6798,96.81,9/25/18
973,pamela,reid,36.33,9/25/18
974,massey2102,mevans,18.12,9/25/18
975,shelly,robert8280,32.83,9/25/18
976,dedwards,john,3.12,9/25/18
977,martha6969,patricia,87.33,9/25/18
978,jstewart,martha6969,80.96,9/25/18
979,patricia,corey,65.35,9/25/18
980,heather.wade,sandra2071,36.01,9/25/18
981,patricia,timothy3285,36.09,9/25/18
982,michelle4225,peter,12.92,9/25/18
983,Apr-82,klein,5.94,9/25/18
984,maria955,heather.wade,41.67,9/25/18
985,diana1995,mcclain9882,30.59,9/25/18
986,melissa.mendoza,theresa5909,88.3,9/25/18
987,alvarado,pamela,48.74,9/25/18
988,victor,kpratt,12.95,9/25/18
989,joshua9690,dana.andrews,38.05,9/25/18
990,robert,heather.wade,86.44,9/25/18
991,robert8280,linda,62.44,9/25/18
992,pamela,caleb,25.01,9/25/18
993,coleman,sarah.evans,36.29,9/25/18
994,king3246,john,25.37,9/25/18
995,shernandez,kristen1581,75.77,9/25/18
996,leah6255,jholloway,63.62,9/25/18
997,pamela,michelle4225,2.54,9/25/18